date,next_date,close,period_return,return_sharpe,volume_ratio,half_return,future_return
2005-02-01,2005-03-10,955.951,-0.027312946558485263,-0.5052316756161395,0.14423710559390956,-0.019224593690910563,0.0695244839955187
2005-03-10,2005-04-07,1022.413,0.0695244839955187,0.9094130724113727,-0.06313549534525531,-0.022044841505174828,-0.03685399148876245
2005-04-07,2005-05-12,984.733,-0.03685399148876245,-0.5658313878099175,0.016110215197296274,0.020659182567182244,-0.1004465169746519
2005-05-12,2005-06-09,885.82,-0.1004465169746519,-1.7778858601974263,-0.03748886326645029,-0.06161246889503069,0.03023639114041221
2005-06-09,2005-07-07,912.604,0.03023639114041221,0.3452564246067093,0.24597510185974691,0.06447101527881305,-0.0743750849218281
2005-07-07,2005-08-04,844.729,-0.0743750849218281,-1.220325202986791,-0.18529517896511893,-0.054660396699986125,0.07034326985340855
2005-08-04,2005-09-01,904.15,0.07034326985340855,1.2061235616108748,0.31575212865896773,0.07128427333596377,0.044692805397334556
2005-09-01,2005-09-29,944.559,0.044692805397334556,0.7513083052365483,-0.1728049573578191,0.025946293518531505,-0.03026174119350933
2005-09-29,2005-11-03,915.975,-0.03026174119350933,-0.5963155691245093,-0.13968568251418256,-0.055304363251574284,-0.04519774011299438
2005-11-03,2005-12-01,874.575,-0.04519774011299438,-1.1079417336810649,0.050930590463819536,-0.02815821494252224,-0.0017242660720921954
2005-12-01,2005-12-29,873.067,-0.0017242660720921954,-0.024206120472130298,0.08764331496885824,0.012066195410000313,0.06753662662773863
2005-12-29,2006-02-08,932.031,0.06753662662773863,2.247014701231786,0.027102512037494142,0.039709560324574955,0.1084094842338934
2006-02-08,2006-03-08,1033.072,0.1084094842338934,2.225210905829141,0.022277684271528875,0.07450602690342278,-0.023039052457137443
2006-03-08,2006-04-05,1009.271,-0.023039052457137443,-0.48012025286916893,-0.05735728186715139,-0.027569528415961386,0.08986585367061983
2006-04-05,2006-05-10,1099.97,0.08986585367061983,2.777829195767636,0.2579361989703304,0.04992430793783531,0.1508795694428029
2006-05-10,2006-06-07,1265.933,0.1508795694428029,2.43445922294354,0.12706134039229577,0.11218362367899237,0.04289326528339177
2006-06-07,2006-07-05,1320.233,0.04289326528339177,0.44372729606282185,-0.13231527177198465,0.009165735391464258,0.05512360318216558
2006-07-05,2006-08-02,1393.009,0.05512360318216558,1.0015384732034756,0.033688426082877365,0.0446011044354393,-0.08465200153049979
2006-08-02,2006-08-30,1275.088,-0.08465200153049979,-1.129966185472081,-0.21138914820040955,-0.046052651266904276,0.04672853952040956
2006-08-30,2006-09-27,1334.671,0.04672853952040956,0.8032140592395219,0.10798903549889971,0.03981404944190681,0.027307104147763717
2006-09-27,2006-11-01,1371.117,0.027307104147763717,0.6958138319825746,0.033345831771129486,0.024455575596277868,0.07898086013082772
2006-11-01,2006-11-29,1479.409,0.07898086013082772,1.5434801203926123,0.03745095112605745,0.029087509468952666,0.1268972947981255
2006-11-29,2006-12-27,1667.142,0.1268972947981255,2.2752390621358196,0.10856341815293691,0.08625441599414119,0.18938698683135557
2006-12-27,2007-01-29,1982.877,0.18938698683135557,2.1549613986123095,-0.07006278147447886,0.09924350945973504,0.2995848960878562
2007-01-29,2007-03-05,2576.917,0.2995848960878562,2.620961930993002,0.021689139417495173,0.12659890825246056,-0.03931480913044527
2007-03-05,2007-04-02,2475.606,-0.03931480913044527,-0.19141834042142977,0.06834849783888841,-0.00393740705691481,0.15127649553281075
2007-04-02,2007-04-30,2850.107,0.15127649553281075,2.5930760584787924,0.0989377904295965,0.07170529737201403,0.24862294643674776
2007-04-30,2007-06-04,3558.709,0.24862294643674776,2.6789666120972133,0.061469159099285076,0.09297026595225177,-0.013285154813163946
2007-06-04,2007-07-02,3511.431,-0.013285154813163946,-0.03280568703229514,0.05697235685882829,-0.0835225788299605,0.07012070007925542
2007-07-02,2007-07-30,3757.655,0.07012070007925542,0.6474645589158193,-0.15031854484566864,-0.11115466122492623,0.1736833211138329
2007-07-30,2007-08-27,4410.297,0.1736833211138329,1.4317910829821363,0.1883709819775652,0.19262778511213985,0.18884215734223808
2007-08-27,2007-09-24,5243.147,0.18884215734223808,1.8302879892594548,-0.05521846288087495,0.11055576642508935,0.05163845301304737
2007-09-24,2007-10-29,5513.895,0.05163845301304737,0.675969686597572,-0.07874629657253629,0.025417027602728792,-0.0010043716828123106
2007-10-29,2007-11-26,5508.357,-0.0010043716828123106,0.02919972098716316,-0.11852527460408446,-0.053782161033158915,-0.12858189837732004
2007-11-26,2007-12-24,4800.082,-0.12858189837732004,-1.3972002595113595,-0.14477993177964843,-0.035789670751902536,0.08480105131537319
2007-12-24,2008-01-23,5207.134,0.08480105131537319,0.9340339367762915,0.123519802221979,0.014331569385935161,-0.04455867661558166
2008-01-23,2008-02-27,4975.111,-0.04455867661558166,-0.32230288708340565,0.03966227839085135,-0.11376461186962461,-0.06740412424969011
2008-02-27,2008-03-26,4639.768,-0.06740412424969011,-0.44147372364017196,-0.07454091928181039,-0.036609826572792326,-0.15634359304172107
2008-03-26,2008-04-24,3914.37,-0.15634359304172107,-1.4075390910277186,0.018663486171249133,-0.09171932371274871,-0.035731420381823864
2008-04-24,2008-05-26,3774.504,-0.035731420381823864,-0.10702145762054928,0.02930401148461037,0.005270439966815088,-0.05703716302857276
2008-05-26,2008-06-24,3559.217,-0.05703716302857276,-0.456580345775608,-0.16418869036078576,-0.08853011073210204,-0.19872404520432452
2008-06-24,2008-07-22,2851.915,-0.19872404520432452,-1.4667384685923088,0.07238604754029754,-0.11060038758021828,0.018523693728599966
2008-07-22,2008-08-19,2904.743,0.018523693728599966,0.20163293299269108,0.06440814788109495,0.0010000547928021852,-0.1915043774957026
2008-08-19,2008-09-17,2348.472,-0.1915043774957026,-2.0124872337816115,-0.16584808383429095,-0.1311863249279802,-0.17855737688164908
2008-09-17,2008-10-22,1929.135,-0.17855737688164908,-1.5385796946824624,-0.06008026599256333,-0.15589143484476098,-0.049665782850863205
2008-10-22,2008-11-19,1833.323,-0.049665782850863205,-0.20659051978014775,-0.20327500198929926,-0.09370694568785809,0.06536764116306837
2008-11-19,2008-12-17,1953.163,0.06536764116306837,0.44396358080988757,0.3135524796773681,0.1547474902744439,0.024707103298598154
2008-12-17,2009-01-16,2001.42,0.024707103298598154,0.2773603265945423,0.0957313375669111,0.024966865847138475,-0.005599024692468424
2009-01-16,2009-02-20,1990.214,-0.005599024692468424,-0.008758495103298684,0.14047418083112162,0.09489459884404772,0.17792358007731846
2009-02-20,2009-03-20,2344.32,0.17792358007731846,1.7848815906378284,0.22924359716481435,0.0478438103411285,0.015150662025662065
2009-03-20,2009-04-20,2379.838,0.015150662025662065,0.18046721410528238,-0.12295878638499869,0.04078674839585483,0.13775265375206192
2009-04-20,2009-05-19,2707.667,0.13775265375206192,1.7022587811633818,-0.04175386849158791,0.05336076246555632,0.04890446277182536
2009-05-19,2009-06-18,2840.084,0.04890446277182536,0.6343234200379346,0.04564740078059559,0.04146293345028651,0.07652731398085422
2009-06-18,2009-07-16,3057.428,0.07652731398085422,1.1421439716204453,-0.013838788025625659,0.035100115074019334,0.1451586104398861
2009-07-16,2009-08-13,3501.24,0.1451586104398861,3.0108473326941136,0.09888600736200104,0.06668405253660548,-0.01725674332522187
2009-08-13,2009-09-10,3440.82,-0.01725674332522187,-0.1268566875215563,-0.09532424655765082,-0.053372135826333045,-0.08076737521869781
2009-09-10,2009-10-16,3162.914,-0.08076737521869781,-0.4889546863100157,-0.024605082412003765,0.002095174066098382,0.024912153792357117
2009-10-16,2009-11-13,3241.709,0.024912153792357117,0.3127913994059276,-0.20193265071125788,0.05218658286502165,0.08545276580963934
2009-11-13,2009-12-11,3518.722,0.08545276580963934,1.2878601563188254,0.06770407846629811,0.07265944228276555,0.015999558930770874
2009-12-11,2010-01-11,3575.02,0.015999558930770874,0.22012275221098182,-0.10843870483998874,0.05691335724062885,-0.02600488948313573
2010-01-11,2010-02-08,3482.052,-0.02600488948313573,-0.3578932868370501,0.09700973277263802,0.016721935375175745,-0.09507727052898707
2010-02-08,2010-03-15,3150.988,-0.09507727052898707,-1.3929739654713473,-0.21176525009163638,-0.05319268488654205,0.010217430215538892
2010-03-15,2010-04-13,3183.183,0.010217430215538892,0.2274459870561706,0.05134652941226858,-0.04248556817228122,0.0655108424492088
2010-04-13,2010-05-12,3391.716,0.0655108424492088,1.3293144499838088,0.13044022456187365,0.009878101794231986,-0.16910496043890466
2010-05-12,2010-06-09,2818.16,-0.16910496043890466,-2.3184672528765162,-0.09025832219278807,-0.09337542131682164,-0.012783873165469695
2010-06-09,2010-07-12,2782.133,-0.012783873165469695,-0.08883726082463055,-0.07635107327610302,-0.011304773655765765,-0.03806971126110792
2010-07-12,2010-08-09,2676.218,-0.03806971126110792,-0.47655236909059256,0.05702589302542971,-0.01492908692910766,0.09043471047575347
2010-08-09,2010-09-06,2918.241,0.09043471047575347,1.5205657972693647,0.14745052290017147,0.038130168210867454,0.01948057065883191
2010-09-06,2010-10-14,2975.09,0.01948057065883191,0.33576826520149355,-0.013259498793554148,0.027241978432369196,0.0837117532578846
2010-10-14,2010-11-11,3224.14,0.0837117532578846,1.2453634755592156,0.17884186588039652,0.13134547067401958,0.08865464899166908
2010-11-11,2010-12-09,3509.975,0.08865464899166908,1.3359044224868353,-0.06896855619681164,0.03304684474048858,-0.11014579875925046
2010-12-09,2011-01-07,3123.366,-0.11014579875925046,-1.231170841501405,-0.20410306779295084,-0.031058941195302947,0.013849801784356908
2011-01-07,2011-02-11,3166.624,0.013849801784356908,0.24805303812274615,-0.03321910320431842,-0.006894233124370652,-0.014421667997210785
2011-02-11,2011-03-11,3120.956,-0.014421667997210785,-0.1607790295371617,0.030253355601220555,0.04608749048083838,0.04050681906441489
2011-03-11,2011-04-12,3247.376,0.04050681906441489,0.6867294033130946,-0.01121752748037197,0.015561275787562945,0.024448970491867783
2011-04-12,2011-05-11,3326.771,0.024448970491867783,0.5632026438307662,0.0982880053689863,0.009800320778610594,-0.05461331723764584
2011-05-11,2011-06-09,3145.085,-0.05461331723764584,-1.2387485751293668,-0.17225684811831343,-0.026578787728724573,-0.06142791053341956
2011-06-09,2011-07-07,2951.889,-0.06142791053341956,-1.2161170464444095,-0.044809569558924456,-0.012859394390543066,0.050744116733386635
2011-07-07,2011-08-04,3101.68,0.050744116733386635,0.9816224067376504,0.2157290177013027,0.0487048916547681,-0.04557884759227249
2011-08-04,2011-09-01,2960.309,-0.04557884759227249,-1.0068608429382977,-0.10236215614251909,-0.03230647577635404,-0.042486780940773516
2011-09-01,2011-09-30,2834.535,-0.042486780940773516,-0.6000940264003986,-0.14803747777016774,9.914425453749764e-05,-0.08932117613647383
2011-09-30,2011-11-04,2581.351,-0.08932117613647383,-1.4179138626957992,0.12498163040544163,-0.05582908770231898,0.0706587364523461
2011-11-04,2011-12-02,2763.746,0.0706587364523461,1.015868643776973,0.19458338141921439,0.10202613605053212,-0.07469391181389318
2011-12-02,2011-12-30,2557.311,-0.07469391181389318,-1.1578338056455462,-0.14829576750253748,-0.01886978490271407,-0.08273104053437375
2011-12-30,2012-02-07,2345.742,-0.08273104053437375,-1.6619121924990106,0.06324720366004821,-0.018570964161348513,0.04783646283350862
2012-02-07,2012-03-06,2457.954,0.04783646283350862,0.5506596650090922,-0.03610962221618874,-0.0010757534439757022,0.0663551880954647
2012-03-06,2012-04-06,2621.052,0.0663551880954647,1.414581099119626,0.15061027460931076,0.02286832187751342,-0.038618844647111183
2012-04-06,2012-05-08,2519.83,-0.038618844647111183,-0.6228187071755152,-0.18494877751820704,-0.0250014993547939,0.07511855958536895
2012-05-08,2012-06-05,2709.116,0.07511855958536895,1.6521279675720582,0.1442569899054431,0.03132167597633506,-0.05546975470965432
2012-06-05,2012-07-04,2558.842,-0.05546975470965432,-1.0315549677733686,0.030506256624960093,-0.026139808374801343,-0.036705275276863625
2012-07-04,2012-08-01,2464.919,-0.036705275276863625,-0.8536763610375063,-0.05125976491544526,-0.03662207102966797,-0.04311216717466171
2012-08-01,2012-08-29,2358.651,-0.04311216717466171,-0.9051421510343368,-0.11992682565807145,-0.023063907866969657,-0.06098273971011392
2012-08-29,2012-09-26,2214.814,-0.06098273971011392,-1.4913662843967,-0.08222287110014215,-0.050094462421969244,-0.013510389585762006
2012-09-26,2012-10-31,2184.891,-0.013510389585762006,-0.18047489490963328,-0.07448201301487956,-0.05826545825537233,0.03200571561693466
2012-10-31,2012-11-28,2254.82,0.03200571561693466,0.6045020022746366,-0.04301189326083432,-0.01998563110357543,-0.055729060412804565
2012-11-28,2012-12-26,2129.161,-0.055729060412804565,-1.2975369577187719,-0.13339311125358977,-0.0422601670632583,0.15426639883033744
2012-12-26,2013-01-28,2457.619,0.15426639883033744,2.0506065675363927,0.18185528257942218,0.0837175953261513,0.07903747488931345
2013-01-28,2013-03-04,2651.863,0.07903747488931345,1.2497232053792702,0.05487033767897098,0.028761019891571094,-0.04002770882206197
2013-03-04,2013-04-01,2545.715,-0.04002770882206197,-0.4884347662433495,-0.11047544966871592,-0.07004859594859625,-0.020633888711030224
2013-04-01,2013-05-06,2493.187,-0.020633888711030224,-0.27939035566155546,-0.05380873963677135,-0.0037186917206162295,0.013154247956531195
2013-05-06,2013-06-03,2525.983,0.013154247956531195,0.25380991985528506,0.09211427981635589,0.02746013480725651,0.030340663416974722
2013-06-03,2013-07-04,2602.623,0.030340663416974722,0.7567301765511023,0.07246382046610522,-0.002676265046805848,-0.14625399068555078
2013-07-04,2013-08-01,2221.979,-0.14625399068555078,-1.8761034106891386,0.1419528740204714,-0.04285524750308645,0.010524401895787516
2013-08-01,2013-08-29,2245.364,0.010524401895787516,0.15928970333352147,-0.07386711788018396,1.6033292240535957e-05,0.032487828254127216
2013-08-29,2013-09-30,2318.311,0.032487828254127216,0.7059048440278207,0.029386677728369337,-0.0014063722230071019,0.03913452509175852
2013-09-30,2013-11-04,2409.037,0.03913452509175852,0.7016138385162549,-0.109269991540768,-0.03925015603470461,-0.011864907014711545
2013-11-04,2013-12-02,2380.454,-0.011864907014711545,-0.2238174952272169,-0.03461939200471775,-0.03676898437354581,0.016103650816188697
2013-12-02,2013-12-30,2418.788,0.016103650816188697,0.310896426079484,0.09764101722273688,-0.004164431432626126,-0.049334625440509816
2013-12-30,2014-01-28,2299.458,-0.049334625440509816,-1.0621252515074144,-0.16163822496137137,-0.028913524637414145,-0.0346181578441529
2014-01-28,2014-03-04,2219.855,-0.0346181578441529,-0.6848937469154234,0.006315074744995819,0.0031674142710338415,-0.016028974865475387
2014-03-04,2014-04-01,2184.273,-0.016028974865475387,-0.27322736318077145,0.07667792913560412,-0.04301051242485021,-0.009686518122963728
2014-04-01,2014-04-30,2163.115,-0.009686518122963728,-0.13965655822467474,0.07146516495471111,0.011684025268774212,-0.002059992187192883
2014-04-30,2014-05-30,2158.659,-0.002059992187192883,-0.02167097147187899,-0.17200538474175409,-0.03308673672781404,-0.0010168349887592631
2014-05-30,2014-06-30,2156.464,-0.0010168349887592631,-0.010317938007067977,-0.11466546605508521,0.004898525223304029,0.004013050994591039
2014-06-30,2014-07-28,2165.118,0.004013050994591039,0.1317566030616103,0.012365639105135884,-0.012198343412315182,0.0733350330097482
2014-07-28,2014-08-25,2323.897,0.0733350330097482,1.773866463134293,0.21621045497086078,0.07005338532193739,0.008161291141560945
2014-08-25,2014-09-23,2342.863,0.008161291141560945,0.22286989932912082,-0.061375121461507365,-0.009506419560073476,0.02415804936097432
2014-09-23,2014-10-28,2399.462,0.02415804936097432,0.5881744013659098,0.09673919123913399,-0.018714849846067305,0.0071645227138417145
2014-10-28,2014-11-25,2416.653,0.0071645227138417145,0.20588548988583932,-0.09830915881109326,-0.012224909893965519,0.1112729051295327
2014-11-25,2014-12-23,2685.561,0.1112729051295327,2.2483697180600464,-0.09263840182406413,0.04961635449220125,0.23807427945222615
2014-12-23,2015-01-22,3324.924,0.23807427945222615,2.2592707189558463,-0.03371923039259439,0.0701696507111722,0.07299084129441757
2015-01-22,2015-02-26,3567.613,0.07299084129441757,0.6441884902479453,-0.13286560628005217,0.0023471177568139545,-0.00036943468924455214
2015-02-26,2015-03-26,3566.295,-0.00036943468924455214,0.024282653729260462,-0.12700204277786598,0.05920766178014136,0.10759177241366724
2015-03-26,2015-04-24,3949.999,0.10759177241366724,1.8131652096834507,0.24978947734863222,0.0994073218876188,0.19054232671957627
2015-04-24,2015-05-25,4702.641,0.19054232671957627,2.7183809616476413,0.133130091528036,0.08245642222107641,0.08438960150264507
2015-05-25,2015-06-23,5099.495,0.08438960150264507,0.9717482461514028,-0.06722288921637054,0.087189043801428,-0.06145785023811168
2015-06-23,2015-07-21,4786.091,-0.06145785023811168,-0.42598374388919696,-0.07294010745426616,-0.10603033275174734,-0.12955980151651947
2015-07-21,2015-08-18,4166.006,-0.12955980151651947,-0.6182257464208135,-0.07813991593282243,0.06059134883552786,-0.08175552315575174
2015-08-18,2015-09-17,3825.412,-0.08175552315575174,-0.554086122902876,-0.10161581442452117,-0.031088698392033876,-0.1538168960624372
2015-09-17,2015-10-22,3236.999,-0.1538168960624372,-0.8933886877708891,-0.1913930378744515,-0.03720431649069944,0.0888276456063164
2015-10-22,2015-11-19,3524.534,0.0888276456063164,1.1602101699054947,0.26319872984420867,0.06918041718413748,0.07105478341250215
2015-11-19,2015-12-17,3774.969,0.07105478341250215,1.0154285094498419,0.11377620785460207,0.018618337439320953,-0.005054611044488122
2015-12-17,2016-01-15,3755.888,-0.005054611044488122,-0.022511863152320045,-0.14987501801761183,0.0017573951824061407,-0.16964243875216722
2016-01-15,2016-02-19,3118.73,-0.16964243875216722,-1.4073640076625205,-0.060542611030941385,-0.16410457772101616,-0.02152959698338741
2016-02-19,2016-03-18,3051.585,-0.02152959698338741,-0.17086536151607662,-0.08096901178058558,0.03580847835605838,0.039447696852619174
2016-03-18,2016-04-18,3171.963,0.039447696852619174,0.45960129076018097,-0.09687827723930942,0.02523457524346373,0.017809161077856128
2016-04-18,2016-05-17,3228.453,0.017809161077856128,0.3485268561024132,-0.04191655428381458,0.0020354480825726107,-0.04411648551179148
2016-05-17,2016-06-16,3086.025,-0.04411648551179148,-0.9893750569602192,-0.029016646485059083,-0.039680539218431954,0.002802958498391961
2016-06-16,2016-07-14,3094.675,0.002802958498391961,0.07867851586109083,0.10006440478019085,-0.023626307752495523,0.05883945810141622
2016-07-14,2016-08-11,3276.764,0.05883945810141622,1.6379502738334182,0.20391218419736235,0.03894929517892187,-0.013245995134223865
2016-08-11,2016-09-08,3233.36,-0.013245995134223865,-0.44303479255285017,-0.07820276441589702,0.0037946228303855634,0.03284632704060164
2016-09-08,2016-10-17,3339.564,0.03284632704060164,0.8293927155373245,-0.22510778358997519,0.009245167381289221,-0.018470974055295852
2016-10-17,2016-11-14,3277.879,-0.018470974055295852,-0.5306843834538318,-0.019861158137575385,0.017885068521906744,0.046484022137485814
2016-11-14,2016-12-12,3430.248,0.046484022137485814,1.6817136417994571,0.12612249242262963,0.028166118051313527,-0.006142121502585196
2016-12-12,2017-01-10,3409.179,-0.006142121502585196,-0.13612960550682618,0.0546807294300633,-0.035615025511438025,-0.014932334148485604
2017-01-10,2017-02-14,3358.272,-0.014932334148485604,-0.5537241692511209,-0.11111354551159947,0.010796709969687512,0.023086873249099638
2017-02-14,2017-03-14,3435.804,0.023086873249099638,1.2135581933575863,-0.002857770541740745,0.021207917725655667,0.006079799662611851
2017-03-14,2017-04-13,3456.693,0.006079799662611851,0.2526681089138395,-0.12002078610063283,0.0011245912749326958,0.016742302541764564
2017-04-13,2017-05-12,3514.566,0.016742302541764564,0.6763106030884266,0.15897803875049976,0.012898980894913592,-0.03675759681280699
2017-05-12,2017-06-13,3385.379,-0.03675759681280699,-1.7210831589112037,-0.07131467443135231,-0.017796919970290537,0.058158333232409154
2017-06-13,2017-07-11,3582.267,0.058158333232409154,2.197707939112865,-0.04085225595727959,0.02925841166405929,0.024716750593967607
2017-07-11,2017-08-08,3670.809,0.024716750593967607,0.781049780928655,0.009605407012483136,-0.0010629395749057746,0.01672764777464586
2017-08-08,2017-09-05,3732.213,0.01672764777464586,0.5696313755100433,0.02684269997817923,0.0034020162067600612,0.033447447935045505
2017-09-05,2017-10-10,3857.046,0.033447447935045505,1.0124256120103536,0.08427866040217324,0.02791569326316834,0.00850858403036936
2017-10-10,2017-11-07,3889.864,0.00850858403036936,0.5169739327169787,-0.07852695570839807,0.015069481195245649,0.04225931806356198
2017-11-07,2017-12-05,4054.247,0.04225931806356198,2.3710780104573908,0.14598726892031655,0.02395618522526788,-0.0034721614149310076
2017-12-05,2018-01-03,4040.17,-0.0034721614149310076,-0.05608939912664042,-0.047471307080449554,-0.04209211556435233,0.017628713643237814
2018-01-03,2018-01-31,4111.393,0.017628713643237814,0.4344769522811651,0.09527455797566708,0.018849516359136897,0.040012229431728
2018-01-31,2018-03-07,4275.899,0.040012229431728,1.2653310744655044,0.08904350825606966,0.006540075647651911,-0.05595197641478444
2018-03-07,2018-04-04,4036.654,-0.05595197641478444,-0.7704931639149836,-0.1713155545865349,0.01756836026368802,-0.045035071125739345
2018-04-04,2018-05-08,3854.863,-0.045035071125739345,-0.9977053184064255,0.0569297417110739,-0.050771844719961656,0.006177651449610577
2018-05-08,2018-06-05,3878.677,0.006177651449610577,0.1415513590532393,-0.03343182971025249,0.0313287886208824,-0.00860112868382712
2018-06-05,2018-07-04,3845.316,-0.00860112868382712,-0.17234113037643312,0.0322609926621944,-0.015588519607762863,-0.12523522124059505
2018-07-04,2018-08-01,3363.747,-0.12523522124059505,-2.1728837651364676,-0.01380209600080573,-0.07473557562707611,0.02486542537236014
2018-08-01,2018-08-29,3447.388,0.02486542537236014,0.46580378982080173,0.11329491123325353,0.004681867606168177,-0.017640602102229286
2018-08-29,2018-09-27,3386.574,-0.017640602102229286,-0.22156743572511473,-0.05682115713161218,0.02873593246123307,0.005024546931500673
2018-09-27,2018-11-01,3403.59,0.005024546931500673,0.11519418503107055,0.07098010764856921,0.06294922744200937,-0.06656383406932098
2018-11-01,2018-11-29,3177.034,-0.06656383406932098,-0.6234098529085546,0.16056362244690248,0.04356929068267168,-0.01239520886462031
2018-11-29,2018-12-27,3137.654,-0.01239520886462031,-0.1721630109706872,-0.09033740330355644,-0.03229672597715494,-0.04689745905698972
2018-12-27,2019-01-28,2990.506,-0.04689745905698972,-0.9048284670607721,-0.034518371890477795,-0.07118258516653153,0.06462852774747807
2019-01-28,2019-03-04,3183.778,0.06462852774747807,1.4114693769850175,-0.007482529392376147,0.03781001602133127,0.1916986674322143
2019-03-04,2019-04-01,3794.104,0.1916986674322143,2.2933083275614665,0.3425373695599627,0.10109831110543577,0.04739564334556978
2019-04-01,2019-04-30,3973.928,0.04739564334556978,0.6108862563466078,-0.15165915071679348,0.031720662930181165,-0.015278837462581074
2019-04-30,2019-05-31,3913.211,-0.015278837462581074,-0.25184761717683224,-0.14278900393600247,-0.04223859822423537,-0.0724269659877782
2019-05-31,2019-07-01,3629.789,-0.0724269659877782,-0.8015297041855611,-0.11090640280596409,-0.005199573224993315,0.0843087573409913
2019-07-01,2019-07-29,3935.812,0.0843087573409913,1.4258156258217085,0.08562556675886368,0.07688110921863567,-0.02071796112212676
2019-07-29,2019-08-26,3854.27,-0.02071796112212676,-0.5797624066303034,-0.03273944338761847,0.007866245069541478,-0.02292496374151265
2019-08-26,2019-09-24,3765.911,-0.02292496374151265,-0.44461170231099084,0.0013341361134469043,0.018060044253948027,0.03589171385091139
2019-09-24,2019-10-29,3901.076,0.03589171385091139,1.0005368028445345,-0.05797782521252781,-0.018090345003257013,0.0023455067268620677
2019-10-29,2019-11-26,3910.226,0.0023455067268620677,0.08899659543505464,-0.05668657414014189,-0.006611368688472452,-0.004749853333285703
2019-11-26,2019-12-24,3891.653,-0.004749853333285703,-0.11359036904725646,-0.041151523269990276,-0.003083237419784224,0.02603135479961871
2019-12-24,2020-01-22,3992.958,0.02603135479961871,0.8035024739297008,0.23765279535104655,0.02373458613305779,0.034804523363381135
2020-01-22,2020-02-27,4131.931,0.034804523363381135,0.9344430655714452,-0.09873553771226484,0.004769573940919258,-0.011388137894848493
2020-02-27,2020-03-26,4084.876,-0.011388137894848493,-0.062530952406198,0.10838576952743684,0.03155544343205019,-0.09469785618951476
2020-03-26,2020-04-24,3698.047,-0.09469785618951476,-0.8957626200318907,-0.11799885583040248,-0.06400144169281463,0.026750606468765925
2020-04-24,2020-05-27,3796.972,0.026750606468765925,0.6248826368844745,-0.06879722666496302,0.007374021603649528,0.012810734448397199
2020-05-27,2020-06-24,3845.614,0.012810734448397199,0.35436433320673255,-0.09318946071700562,-0.030905035540828685,0.07628846784934717
2020-06-24,2020-07-24,4138.99,0.07628846784934717,1.9880092328871548,0.052680486770210644,0.024577289678330505,0.08857257446865074
2020-07-24,2020-08-21,4505.591,0.08857257446865074,0.8431096383953377,-0.04988492232477448,-0.05207975455347025,0.047330527782037723
2020-08-21,2020-09-18,4718.843,0.047330527782037723,0.9316652902657624,-0.02686356626840225,0.0023188554790367633,0.0038666257809383264
2020-09-18,2020-10-26,4737.089,0.0038666257809383264,0.09706507547130003,-0.06704481933367834,-0.006945173796003901,-0.00967957325690949
2020-10-26,2020-11-23,4691.236,-0.00967957325690949,-0.17240463745029794,0.013713022688507381,-0.02735178901458346,0.0668887687594486
2020-11-23,2020-12-21,5005.027,0.0668887687594486,1.6159364957788303,0.06429555696705003,0.00475312917181081,0.008354200686629731
2020-12-21,2021-01-19,5046.84,0.008354200686629731,0.2240976458228561,-0.1496483763898584,0.004899213198904517,0.07741140991194495
2021-01-19,2021-02-23,5437.523,0.07741140991194495,1.3056444116164887,0.1740493795225333,0.01285609308364255,0.02614149861986781
2021-02-23,2021-03-23,5579.668,0.02614149861986781,0.42201235440746865,0.05609809878445238,0.0142837094889523,-0.10223224751006688
2021-03-23,2021-04-21,5009.246,-0.10223224751006688,-1.2779354475432203,-0.10617335139795003,0.007694026894795147,0.017866760785954616
2021-04-21,2021-05-24,5098.745,0.017866760785954616,0.369228631017712,-0.019384495910053423,-0.0009792812843437693,0.01114842966259344
2021-05-24,2021-06-22,5155.588,0.01114842966259344,0.2779127570887612,-0.032399374233366696,0.03268273395157695,-0.0064842264354714185
2021-06-22,2021-07-20,5122.158,-0.0064842264354714185,-0.1265378869120032,-0.04670452790667601,-0.029458125782667155,-0.0025700105307178145
2021-07-20,2021-08-17,5108.994,-0.0025700105307178145,-0.03162248513370387,0.12321060883095503,0.00509334453908461,-0.05315938910869722
2021-08-17,2021-09-14,4837.403,-0.05315938910869722,-0.7651562723052888,-0.08309362928343578,-0.019668826849878807,0.016487979190487057
2021-09-14,2021-10-21,4917.162,0.016487979190487057,0.35521110928645366,0.1482551273761772,0.02321286995823635,0.0022073708370802247
2021-10-21,2021-11-18,4928.016,0.0022073708370802247,0.07652995715770645,-0.14608114089754776,0.012665053284955041,-0.018343487521144453
2021-11-18,2021-12-16,4837.619,-0.018343487521144453,-0.5520832831130656,-0.07742903021967162,-0.006392411017055455,0.04074587105764227
2021-12-16,2022-01-14,5034.732,0.04074587105764227,1.2526702098840128,0.13275948402566917,0.03677162401673928,-0.06117505360761999
2022-01-14,2022-02-18,4726.732,-0.06117505360761999,-1.5508705449211522,0.05688062020667095,-0.039577072976165306,-0.01597213465878755
2022-02-18,2022-03-18,4651.236,-0.01597213465878755,-0.3138409100595241,0.011394079717089944,0.019164848726009875,-0.08284550601173535
2022-03-18,2022-04-19,4265.902,-0.08284550601173535,-0.9035064643648384,0.11603502021208212,-0.05126911794468059,-0.030708628562025053
2022-04-19,2022-05-20,4134.902,-0.030708628562025053,-0.4988584662558055,0.046571489835662394,-0.03303339118900661,-0.013858127713788693
2022-05-20,2022-06-20,4077.6,-0.013858127713788693,-0.13180752163958784,-0.09980945373857852,0.043180605886950385,0.06200534628212684
2022-06-20,2022-07-18,4330.433,0.06200534628212684,1.2850928147917653,0.16295713061912243,0.039449027084180965,-0.008739772674002722
2022-07-18,2022-08-15,4292.586,-0.008739772674002722,-0.15298052461225012,-0.09120238997977492,-0.04524969806696122,-0.024905033935254894
2022-08-15,2022-09-13,4185.679,-0.024905033935254894,-0.5698029266899601,0.023445795378905565,-0.0007159776903357118,-0.017814075087936865
2022-09-13,2022-10-18,4111.115,-0.017814075087936865,-0.4984501714857418,-0.004048901242756586,0.005280325006278064,-0.06636836965154225
2022-10-18,2022-11-15,3838.267,-0.06636836965154225,-1.2886543993355264,-0.01869789052769344,-0.013880756725787813,0.007218361828398079
2022-11-15,2022-12-13,3865.973,0.007218361828398079,0.12864515717569994,0.07106569431702092,0.06378342472964271,0.020617836699842407
2022-12-13,2023-01-11,3945.681,0.020617836699842407,0.45824091611148093,0.059984479395284396,0.025272436338842352,0.016308971759247726
2023-01-11,2023-02-15,4010.031,0.016308971759247726,0.47564476367976444,0.09712567588488841,0.03142530557989054,0.028343421784021272
2023-02-15,2023-03-15,4123.689,0.028343421784021272,0.7650076704686886,-0.033950306751365456,-0.01721762478094857,-0.03317102720403997
2023-03-15,2023-04-13,3986.902,-0.03317102720403997,-0.7400589263305495,0.07734312240842756,-0.03393311560957235,0.02058666102151485
2023-04-13,2023-05-16,4068.979,0.02058666102151485,0.7444264927550501,-0.0018448152836105791,0.015684658364751858,-0.022308790485279006
2023-05-16,2023-06-13,3978.205,-0.022308790485279006,-0.5060823421706282,0.07804737122629724,-0.0025609144876703738,-0.028479678649038886
2023-06-13,2023-07-13,3864.907,-0.028479678649038886,-0.8680696675205005,-0.006825926111525993,0.007075494436457941,0.008671877486314594
2023-07-13,2023-08-10,3898.423,0.008671877486314594,0.22968758996053582,-0.07558908100282713,0.02003718623784745,0.0198269915809548
2023-08-10,2023-09-07,3975.717,0.0198269915809548,0.4753071465861807,0.14902430986307236,0.018801766937119435,-0.054642219252527324
2023-09-07,2023-10-13,3758.475,-0.054642219252527324,-1.1812368933678077,0.07568732840403558,0.009412291734312683,-0.025293503349097746
2023-10-13,2023-11-10,3663.41,-0.025293503349097746,-0.7965031097173896,0.0527759373176897,-0.002460213835741687,-0.020997103791276395
2023-11-10,2023-12-08,3586.489,-0.020997103791276395,-0.5366514700753442,0.03532118933622397,0.006766253507130671,-0.0521476575001345
2023-12-08,2024-01-08,3399.462,-0.0521476575001345,-1.8810124308989213,0.04912092344654129,-0.039159595128220426,-0.03335998460932932
2024-01-08,2024-02-05,3286.056,-0.03335998460932932,-0.7965048525904188,0.03977893806092769,-0.015333684123470137,-0.02605981151873249
2024-02-05,2024-03-12,3200.422,-0.02605981151873249,-0.5152171528921532,0.17556202428269163,-0.005741088110169268,0.12406863844830474
2024-03-12,2024-04-11,3597.494,0.12406863844830474,2.496028143382364,-0.03498843699806531,0.029388629407171463,-0.02592054357839102
2024-04-11,2024-05-14,3504.245,-0.02592054357839102,-0.8109477696027655,-0.004326943248102788,-0.011146958290193965,0.0436042571224331
2024-05-14,2024-06-12,3657.045,0.0436042571224331,1.0367935997551503,0.05849379538941557,0.035907623217528606,-0.030877935601011153
2024-06-12,2024-07-10,3544.123,-0.030877935601011153,-1.0500949087865339,-0.06637786920426214,-0.01802324743736239,-0.03249238245963815
2024-07-10,2024-08-07,3428.966,-0.03249238245963815,-1.3918824472278697,-0.013472728945673085,-0.014739969513815732,-0.025511189087322528
2024-08-07,2024-09-04,3341.489,-0.025511189087322528,-0.6074416298938015,-0.01569458980188676,-0.022432204872437467,-0.026731795316399354
2024-09-04,2024-10-11,3252.165,-0.026731795316399354,-0.902509841124368,0.11538207160903702,-0.020914399083583946,0.19525516079288718
2024-10-11,2024-11-08,3887.167,0.19525516079288718,1.2751954733283244,0.5337958036298023,0.2143412317833211,0.05579384677838628
2024-11-08,2024-12-06,4104.047,0.05579384677838628,0.8081507766349899,0.07172739484727564,0.037313015980857456,-0.03189680819932117
2024-12-06,2025-01-06,3973.141,-0.03189680819932117,-0.5940798446190807,-0.16458909167704627,0.0277936797458882,-0.0513878062721661
2025-01-06,2025-02-11,3768.97,-0.0513878062721661,-1.097220654178058,-0.03255998540623839,-0.040423713969138575,0.030290769096066095
2025-02-11,2025-03-11,3883.135,0.030290769096066095,0.7711515486131997,0.06913910516718769,0.013959144324480866,0.01500874937389507
2025-03-11,2025-04-09,3941.416,0.01500874937389507,0.4197984576155108,-0.04649847055575984,0.004015894433815115,-0.0646016558516026
2025-04-09,2025-05-12,3686.794,-0.0646016558516026,-0.7824522277601632,0.06930319068078727,-0.06243198946162487,0.0552827198915915
2025-05-12,2025-06-10,3890.61,0.0552827198915915,2.6961976315554894,-0.04140681229306453,0.027391400101719476,-0.006462996805128185
2025-06-10,2025-07-08,3865.465,-0.006462996805128185,-0.25438784002310527,-0.022910132985514475,0.0013880444246752166,0.03440414025220773
2025-07-08,2025-08-05,3998.453,0.03440414025220773,1.2676943714819793,0.058569721423753496,0.02418498404470859,0.02625940582520281
2025-08-05,2025-09-02,4103.45,0.02625940582520281,0.9490530123315238,0.08545771371710642,-0.0037650298934827076,0.09431161583545578
2025-09-02,2025-09-30,4490.453,0.09431161583545578,2.249383151989068,0.1666708332133875,0.06323830188849033,0.03345787162230618
2025-09-30,2025-11-05,4640.694,0.03345787162230618,0.7030530690188096,-0.021261733130498173,0.02594478368514208,-0.002895472099647356
2025-11-05,2025-12-03,4627.257,-0.002895472099647356,-0.030705246622455332,-0.07685776766670294,0.007552851671286387,-0.020791583437012373
2025-12-03,2025-12-31,4531.049,-0.020791583437012373,-0.47395473481765216,-0.0712354191486847,-0.012475884272404758,0.021825188824927677
2025-12-31,2026-01-30,4629.94,0.021825188824927677,0.6850533470955565,-0.037147334528309095,0.010931521056797289,0.01650129375326692
2026-01-30,2026-03-09,4706.34,0.01650129375326692,0.5215917322211767,0.06043734546830648,-0.005395960542474265,-0.01931118448730862
2026-03-09,2026-04-07,4615.455,-0.01931118448730862,-0.41754661147807626,0.12066785439168992,-0.009645296997729425,-0.037881205644947236
2026-04-07,2026-05-08,4440.616,-0.037881205644947236,-0.6970595542130418,-0.14046980699317624,0.005119740914264925,0.09712526370215313
2026-05-08,2026-06-05,4871.912,0.09712526370215313,2.1335187344854574,0.05877667282702115,0.021794267068540485,-0.011287560202236868
2026-06-05,2026-07-06,4816.92,-0.011287560202236868,-0.21043058276957102,0.044105647639046675,-0.005815364649121357,0.005206231367761882
2026-07-06,2026-08-03,4841.998,0.005206231367761882,0.10467097917779608,0.04054173028854802,-0.04301871786591127,-0.06171419319049698
2026-08-03,2026-08-31,4543.178,-0.06171419319049698,-0.7503469199935745,-0.046624906298900926,-0.011991985770458347,0.018028789538952816
